label,corr_thresh,vol_thresh,base_bil,guard_bil,mode,sharpe,return,vol,mdd,calmar,triple,months_guard_active,pct_guard_active
CG_corr-0.20_vol0.16_base0.05_guard0.25_either,-0.2,0.16,0.05,0.25,either,0.8858543172050259,0.0805122353105753,0.09088654166590375,-0.10363243295772387,0.7769019120049001,False,73,0.6403508771929824
CG_corr-0.20_vol0.16_base0.05_guard0.25_corr_only,-0.2,0.16,0.05,0.25,corr_only,0.9137872768635321,0.08412845166645162,0.09206568508505907,-0.1040905233632064,0.8082239280601897,False,66,0.5789473684210527
CG_corr-0.20_vol0.16_base0.05_guard0.30_either,-0.2,0.16,0.05,0.3,either,0.9444586304748706,0.08254646343064549,0.08740082494575904,-0.09979255825325462,0.8271805520924537,False,73,0.6403508771929824
CG_corr-0.20_vol0.16_base0.05_guard0.30_corr_only,-0.2,0.16,0.05,0.3,corr_only,0.9814951738909056,0.08754518603863343,0.08919573765358543,-0.09979255825325462,0.8772716880998312,False,66,0.5789473684210527
CG_corr-0.20_vol0.16_base0.05_guard0.35_either,-0.2,0.16,0.05,0.35,either,0.9593575486914089,0.08088716488972744,0.08431388797644825,-0.0997925582532545,0.8105530743530116,False,73,0.6403508771929824
CG_corr-0.20_vol0.16_base0.05_guard0.35_corr_only,-0.2,0.16,0.05,0.35,corr_only,1.0048834954339096,0.0871298706484735,0.08670644014394001,-0.0997925582532545,0.8731099009141993,False,66,0.5789473684210527
CG_corr-0.20_vol0.16_base0.05_guard0.40_either,-0.2,0.16,0.05,0.4,either,0.9875409242762943,0.08029288762859302,0.08130588379153457,-0.09979255825325453,0.8045979483242122,False,73,0.6403508771929824
CG_corr-0.20_vol0.16_base0.05_guard0.40_corr_only,-0.2,0.16,0.05,0.4,corr_only,1.0438743034892037,0.08789263415432161,0.08419848430077831,-0.09979255825325453,0.8807533917636104,False,66,0.5789473684210527
CG_corr-0.20_vol0.16_base0.08_guard0.25_either,-0.2,0.16,0.08,0.25,either,0.8880499321916856,0.07985716180520848,0.08992417983538713,-0.10378649656692372,0.7694369156561219,False,73,0.6403508771929824
CG_corr-0.20_vol0.16_base0.08_guard0.25_corr_only,-0.2,0.16,0.08,0.25,corr_only,0.9119284105497262,0.08299474871367594,0.09101015798339399,-0.10410193950942487,0.7972449803028119,False,66,0.5789473684210527
CG_corr-0.20_vol0.16_base0.08_guard0.30_either,-0.2,0.16,0.08,0.3,either,0.9470120914234791,0.08179331222147024,0.0863698710525697,-0.09663452147860997,0.8464191778460368,False,73,0.6403508771929824
CG_corr-0.20_vol0.16_base0.08_guard0.30_corr_only,-0.2,0.16,0.08,0.3,corr_only,0.9805839492587514,0.08633536162437162,0.08804484479848436,-0.0969229543495416,0.8907627940540583,False,66,0.5789473684210527
CG_corr-0.20_vol0.16_base0.08_guard0.35_either,-0.2,0.16,0.08,0.35,either,0.963628018492267,0.08019917408038184,0.08322627875211105,-0.09577266049478347,0.8373911058339045,False,73,0.6403508771929824
CG_corr-0.20_vol0.16_base0.08_guard0.35_corr_only,-0.2,0.16,0.08,0.35,corr_only,1.0045909785728013,0.08590121479463761,0.08550864643108326,-0.09577266049478347,0.8969283546144827,False,66,0.5789473684210527
CG_corr-0.20_vol0.16_base0.08_guard0.40_either,-0.2,0.16,0.08,0.4,either,0.9929946723408564,0.0796118180584194,0.08017345941116163,-0.09577266049478331,0.8312582906972268,False,73,0.6403508771929824
CG_corr-0.20_vol0.16_base0.08_guard0.40_corr_only,-0.2,0.16,0.08,0.4,corr_only,1.0449568991585547,0.08668252123376807,0.08295320247521085,-0.09577266049478331,0.9050862823058949,False,66,0.5789473684210527
CG_corr-0.20_vol0.16_base0.10_guard0.25_either,-0.2,0.16,0.1,0.25,either,0.8844436353807482,0.07898874582648742,0.08930896516936683,-0.10385156501899434,0.7605927345634171,False,73,0.6403508771929824
CG_corr-0.20_vol0.16_base0.10_guard0.25_corr_only,-0.2,0.16,0.1,0.25,corr_only,0.9055268616724526,0.08179898619221607,0.0903330311385113,-0.10410895319648825,0.7857055870865799,False,66,0.5789473684210527
CG_corr-0.20_vol0.16_base0.10_guard0.30_either,-0.2,0.16,0.1,0.3,either,0.9439534846679869,0.08092317610049785,0.08572792771559146,-0.09669442503696159,0.836895985157002,False,73,0.6403508771929824
CG_corr-0.20_vol0.16_base0.10_guard0.30_corr_only,-0.2,0.16,0.1,0.3,corr_only,0.9747614955943182,0.08512598337445591,0.08733006356857999,-0.09692940401765941,0.8782266252142327,False,66,0.5789473684210527
CG_corr-0.20_vol0.16_base0.10_guard0.35_either,-0.2,0.16,0.1,0.35,either,0.9611876566541183,0.07934890707247319,0.08255298174415358,-0.0936208599542615,0.8475558450460626,False,73,0.6403508771929824
CG_corr-0.20_vol0.16_base0.10_guard0.35_corr_only,-0.2,0.16,0.1,0.35,corr_only,0.9991877791761751,0.08469297793319863,0.08476182325110855,-0.09383015163044074,0.9026200689387164,False,66,0.5789473684210527
CG_corr-0.20_vol0.16_base0.10_guard0.40_either,-0.2,0.16,0.1,0.4,either,0.9915826752668767,0.07879805838463601,0.07946695757207348,-0.09447083019081265,0.8340993534774629,False,73,0.6403508771929824
CG_corr-0.20_vol0.16_base0.10_guard0.40_corr_only,-0.2,0.16,0.1,0.4,corr_only,1.0405158315633634,0.08550474284237661,0.08217534058458936,-0.09447083019081265,0.9050914728882313,False,66,0.5789473684210527
CG_corr-0.20_vol0.18_base0.05_guard0.25_either,-0.2,0.18,0.05,0.25,either,0.9000140427976466,0.08203540405046739,0.09114902673681026,-0.10409052336320639,0.7881159725195984,False,69,0.6052631578947368
CG_corr-0.20_vol0.18_base0.05_guard0.25_corr_only,-0.2,0.18,0.05,0.25,corr_only,0.9137872768635321,0.08412845166645162,0.09206568508505907,-0.1040905233632064,0.8082239280601897,False,66,0.5789473684210527
CG_corr-0.20_vol0.18_base0.05_guard0.30_either,-0.2,0.18,0.05,0.3,either,0.9642270696687577,0.08491786277378713,0.088068324822035,-0.09979255825325462,0.8509438405044359,False,69,0.6052631578947368
CG_corr-0.20_vol0.18_base0.05_guard0.30_corr_only,-0.2,0.18,0.05,0.3,corr_only,0.9814951738909056,0.08754518603863343,0.08919573765358543,-0.09979255825325462,0.8772716880998312,False,66,0.5789473684210527
CG_corr-0.20_vol0.18_base0.05_guard0.35_either,-0.2,0.18,0.05,0.35,either,0.983327668107397,0.08394132820297182,0.08536455438555189,-0.0997925582532545,0.8411581952829059,False,69,0.6052631578947368
CG_corr-0.20_vol0.18_base0.05_guard0.35_corr_only,-0.2,0.18,0.05,0.35,corr_only,1.0048834954339096,0.0871298706484735,0.08670644014394001,-0.0997925582532545,0.8731099009141993,False,66,0.5789473684210527
CG_corr-0.20_vol0.18_base0.05_guard0.40_either,-0.2,0.18,0.05,0.4,either,1.0185068137316307,0.08417811416073828,0.0826485527890819,-0.09979255825325453,0.8435309770004116,False,69,0.6052631578947368
CG_corr-0.20_vol0.18_base0.05_guard0.40_corr_only,-0.2,0.18,0.05,0.4,corr_only,1.0438743034892037,0.08789263415432161,0.08419848430077831,-0.09979255825325453,0.8807533917636104,False,66,0.5789473684210527
CG_corr-0.20_vol0.18_base0.08_guard0.25_either,-0.2,0.18,0.08,0.25,either,0.9001751508312505,0.08122850108306837,0.09023632901670232,-0.10410193950942495,0.7802784603807913,False,69,0.6052631578947368
CG_corr-0.20_vol0.18_base0.08_guard0.25_corr_only,-0.2,0.18,0.08,0.25,corr_only,0.9119284105497262,0.08299474871367594,0.09101015798339399,-0.10410193950942487,0.7972449803028119,False,66,0.5789473684210527
CG_corr-0.20_vol0.18_base0.08_guard0.30_either,-0.2,0.18,0.08,0.3,either,0.9653483822030894,0.08404225562489642,0.08705899048910994,-0.09692295434954161,0.8671037339803694,False,69,0.6052631578947368
CG_corr-0.20_vol0.18_base0.08_guard0.30_corr_only,-0.2,0.18,0.08,0.3,corr_only,0.9805839492587514,0.08633536162437162,0.08804484479848436,-0.0969229543495416,0.8907627940540583,False,66,0.5789473684210527
CG_corr-0.20_vol0.18_base0.08_guard0.35_either,-0.2,0.18,0.08,0.35,either,0.9854737676195869,0.08308420307425622,0.08430889365522759,-0.09577266049478347,0.8675148277705164,False,69,0.6052631578947368
CG_corr-0.20_vol0.18_base0.08_guard0.35_corr_only,-0.2,0.18,0.08,0.35,corr_only,1.0045909785728013,0.08590121479463761,0.08550864643108326,-0.09577266049478347,0.8969283546144827,False,66,0.5789473684210527
CG_corr-0.20_vol0.18_base0.08_guard0.40_either,-0.2,0.18,0.08,0.4,either,1.0210190174805929,0.08325784178862936,0.0815438697646118,-0.09577266049478331,0.8693278578510866,False,69,0.6052631578947368
CG_corr-0.20_vol0.18_base0.08_guard0.40_corr_only,-0.2,0.18,0.08,0.4,corr_only,1.0449568991585547,0.08668252123376807,0.08295320247521085,-0.09577266049478331,0.9050862823058949,False,66,0.5789473684210527
CG_corr-0.20_vol0.18_base0.10_guard0.25_either,-0.2,0.18,0.1,0.25,either,0.895093745900839,0.08024840076834218,0.08965362693667209,-0.10410895319648818,0.7708117150778261,False,69,0.6052631578947368
CG_corr-0.20_vol0.18_base0.10_guard0.25_corr_only,-0.2,0.18,0.1,0.25,corr_only,0.9055268616724526,0.08179898619221607,0.0903330311385113,-0.10410895319648825,0.7857055870865799,False,66,0.5789473684210527
CG_corr-0.20_vol0.18_base0.10_guard0.30_either,-0.2,0.18,0.1,0.3,either,0.9606366183075342,0.08303522587427717,0.08643770629998472,-0.09692940401765947,0.8566567257459776,False,69,0.6052631578947368
CG_corr-0.20_vol0.18_base0.10_guard0.30_corr_only,-0.2,0.18,0.1,0.3,corr_only,0.9747614955943182,0.08512598337445591,0.08733006356857999,-0.09692940401765941,0.8782266252142327,False,66,0.5789473684210527
CG_corr-0.20_vol0.18_base0.10_guard0.35_either,-0.2,0.18,0.1,0.35,either,0.9801440308741549,0.08199438290581519,0.08365544279516489,-0.09383015163044062,0.8738596440593874,False,69,0.6052631578947368
CG_corr-0.20_vol0.18_base0.10_guard0.35_corr_only,-0.2,0.18,0.1,0.35,corr_only,0.9991877791761751,0.08469297793319863,0.08476182325110855,-0.09383015163044074,0.9026200689387164,False,66,0.5789473684210527
CG_corr-0.20_vol0.18_base0.10_guard0.40_either,-0.2,0.18,0.1,0.4,either,1.0162371565640145,0.08217431637200545,0.08086135784470222,-0.09447083019081265,0.8698379828570296,False,69,0.6052631578947368
CG_corr-0.20_vol0.18_base0.10_guard0.40_corr_only,-0.2,0.18,0.1,0.4,corr_only,1.0405158315633634,0.08550474284237661,0.08217534058458936,-0.09447083019081265,0.9050914728882313,False,66,0.5789473684210527
CG_corr-0.20_vol0.20_base0.05_guard0.25_either,-0.2,0.2,0.05,0.25,either,0.9000140427976466,0.08203540405046739,0.09114902673681026,-0.10409052336320639,0.7881159725195984,False,69,0.6052631578947368
CG_corr-0.20_vol0.20_base0.05_guard0.25_corr_only,-0.2,0.2,0.05,0.25,corr_only,0.9137872768635321,0.08412845166645162,0.09206568508505907,-0.1040905233632064,0.8082239280601897,False,66,0.5789473684210527
CG_corr-0.20_vol0.20_base0.05_guard0.30_either,-0.2,0.2,0.05,0.3,either,0.9642270696687577,0.08491786277378713,0.088068324822035,-0.09979255825325462,0.8509438405044359,False,69,0.6052631578947368
CG_corr-0.20_vol0.20_base0.05_guard0.30_corr_only,-0.2,0.2,0.05,0.3,corr_only,0.9814951738909056,0.08754518603863343,0.08919573765358543,-0.09979255825325462,0.8772716880998312,False,66,0.5789473684210527
CG_corr-0.20_vol0.20_base0.05_guard0.35_either,-0.2,0.2,0.05,0.35,either,0.983327668107397,0.08394132820297182,0.08536455438555189,-0.0997925582532545,0.8411581952829059,False,69,0.6052631578947368
CG_corr-0.20_vol0.20_base0.05_guard0.35_corr_only,-0.2,0.2,0.05,0.35,corr_only,1.0048834954339096,0.0871298706484735,0.08670644014394001,-0.0997925582532545,0.8731099009141993,False,66,0.5789473684210527
CG_corr-0.20_vol0.20_base0.05_guard0.40_either,-0.2,0.2,0.05,0.4,either,1.0185068137316307,0.08417811416073828,0.0826485527890819,-0.09979255825325453,0.8435309770004116,False,69,0.6052631578947368
CG_corr-0.20_vol0.20_base0.05_guard0.40_corr_only,-0.2,0.2,0.05,0.4,corr_only,1.0438743034892037,0.08789263415432161,0.08419848430077831,-0.09979255825325453,0.8807533917636104,False,66,0.5789473684210527
CG_corr-0.20_vol0.20_base0.08_guard0.25_either,-0.2,0.2,0.08,0.25,either,0.9001751508312505,0.08122850108306837,0.09023632901670232,-0.10410193950942495,0.7802784603807913,False,69,0.6052631578947368
CG_corr-0.20_vol0.20_base0.08_guard0.25_corr_only,-0.2,0.2,0.08,0.25,corr_only,0.9119284105497262,0.08299474871367594,0.09101015798339399,-0.10410193950942487,0.7972449803028119,False,66,0.5789473684210527
CG_corr-0.20_vol0.20_base0.08_guard0.30_either,-0.2,0.2,0.08,0.3,either,0.9653483822030894,0.08404225562489642,0.08705899048910994,-0.09692295434954161,0.8671037339803694,False,69,0.6052631578947368
CG_corr-0.20_vol0.20_base0.08_guard0.30_corr_only,-0.2,0.2,0.08,0.3,corr_only,0.9805839492587514,0.08633536162437162,0.08804484479848436,-0.0969229543495416,0.8907627940540583,False,66,0.5789473684210527
CG_corr-0.20_vol0.20_base0.08_guard0.35_either,-0.2,0.2,0.08,0.35,either,0.9854737676195869,0.08308420307425622,0.08430889365522759,-0.09577266049478347,0.8675148277705164,False,69,0.6052631578947368
CG_corr-0.20_vol0.20_base0.08_guard0.35_corr_only,-0.2,0.2,0.08,0.35,corr_only,1.0045909785728013,0.08590121479463761,0.08550864643108326,-0.09577266049478347,0.8969283546144827,False,66,0.5789473684210527
CG_corr-0.20_vol0.20_base0.08_guard0.40_either,-0.2,0.2,0.08,0.4,either,1.0210190174805929,0.08325784178862936,0.0815438697646118,-0.09577266049478331,0.8693278578510866,False,69,0.6052631578947368
CG_corr-0.20_vol0.20_base0.08_guard0.40_corr_only,-0.2,0.2,0.08,0.4,corr_only,1.0449568991585547,0.08668252123376807,0.08295320247521085,-0.09577266049478331,0.9050862823058949,False,66,0.5789473684210527
CG_corr-0.20_vol0.20_base0.10_guard0.25_either,-0.2,0.2,0.1,0.25,either,0.895093745900839,0.08024840076834218,0.08965362693667209,-0.10410895319648818,0.7708117150778261,False,69,0.6052631578947368
CG_corr-0.20_vol0.20_base0.10_guard0.25_corr_only,-0.2,0.2,0.1,0.25,corr_only,0.9055268616724526,0.08179898619221607,0.0903330311385113,-0.10410895319648825,0.7857055870865799,False,66,0.5789473684210527
CG_corr-0.20_vol0.20_base0.10_guard0.30_either,-0.2,0.2,0.1,0.3,either,0.9606366183075342,0.08303522587427717,0.08643770629998472,-0.09692940401765947,0.8566567257459776,False,69,0.6052631578947368
CG_corr-0.20_vol0.20_base0.10_guard0.30_corr_only,-0.2,0.2,0.1,0.3,corr_only,0.9747614955943182,0.08512598337445591,0.08733006356857999,-0.09692940401765941,0.8782266252142327,False,66,0.5789473684210527
CG_corr-0.20_vol0.20_base0.10_guard0.35_either,-0.2,0.2,0.1,0.35,either,0.9801440308741549,0.08199438290581519,0.08365544279516489,-0.09383015163044062,0.8738596440593874,False,69,0.6052631578947368
CG_corr-0.20_vol0.20_base0.10_guard0.35_corr_only,-0.2,0.2,0.1,0.35,corr_only,0.9991877791761751,0.08469297793319863,0.08476182325110855,-0.09383015163044074,0.9026200689387164,False,66,0.5789473684210527
CG_corr-0.20_vol0.20_base0.10_guard0.40_either,-0.2,0.2,0.1,0.4,either,1.0162371565640145,0.08217431637200545,0.08086135784470222,-0.09447083019081265,0.8698379828570296,False,69,0.6052631578947368
CG_corr-0.20_vol0.20_base0.10_guard0.40_corr_only,-0.2,0.2,0.1,0.4,corr_only,1.0405158315633634,0.08550474284237661,0.08217534058458936,-0.09447083019081265,0.9050914728882313,False,66,0.5789473684210527
CG_corr-0.15_vol0.16_base0.05_guard0.25_either,-0.15,0.16,0.05,0.25,either,0.9029031354716357,0.08184998003956885,0.0906520055407872,-0.10363467005844734,0.789793415595452,False,61,0.5350877192982456
CG_corr-0.15_vol0.16_base0.05_guard0.25_corr_only,-0.15,0.16,0.05,0.25,corr_only,0.8975336306296552,0.08311410127062756,0.09260277100961636,-0.11989160183910628,0.6932437301335428,False,53,0.4649122807017544
CG_corr-0.15_vol0.16_base0.05_guard0.30_either,-0.15,0.16,0.05,0.3,either,0.9550709029546716,0.08352835470985837,0.08745775256208668,-0.09979255825325453,0.837019875749445,False,61,0.5350877192982456
CG_corr-0.15_vol0.16_base0.05_guard0.30_corr_only,-0.15,0.16,0.05,0.3,corr_only,0.9582138687559131,0.08661180920606755,0.09038880779143708,-0.11434754338422178,0.7574435500992028,False,53,0.4649122807017544
CG_corr-0.15_vol0.16_base0.05_guard0.35_either,-0.15,0.16,0.05,0.35,either,0.9728073813956254,0.0824022928758735,0.08470566162610334,-0.09979255825325474,0.8257358496287066,False,61,0.5350877192982456
CG_corr-0.15_vol0.16_base0.05_guard0.35_corr_only,-0.15,0.16,0.05,0.35,corr_only,0.9796919206892212,0.0865281877949123,0.08832183461719172,-0.11280254391323045,0.7670765639954997,False,53,0.4649122807017544
CG_corr-0.15_vol0.16_base0.05_guard0.40_either,-0.15,0.16,0.05,0.4,either,1.0039335698151362,0.08238240845717879,0.0820596212081529,-0.0997925582532546,0.8255365920984593,False,61,0.5350877192982456
CG_corr-0.15_vol0.16_base0.05_guard0.40_corr_only,-0.15,0.16,0.05,0.4,corr_only,1.0206765936054476,0.08799483371170504,0.08621225789147496,-0.10579989812899736,0.8317100041477984,False,53,0.4649122807017544
CG_corr-0.15_vol0.16_base0.08_guard0.25_either,-0.15,0.16,0.08,0.25,either,0.8899208128610193,0.08012872697268095,0.09004028877027152,-0.10378650121277086,0.7720534562429315,False,61,0.5350877192982456
CG_corr-0.15_vol0.16_base0.08_guard0.25_corr_only,-0.15,0.16,0.08,0.25,corr_only,0.8828772618184656,0.08082929963345092,0.09155213655289583,-0.11844905785376274,0.6823971511300901,False,53,0.4649122807017544
CG_corr-0.15_vol0.16_base0.08_guard0.30_either,-0.15,0.16,0.08,0.3,either,0.942266753081741,0.08182560318896115,0.08683910678302668,-0.0966345214786101,0.846753333456234,False,61,0.5350877192982456
CG_corr-0.15_vol0.16_base0.08_guard0.30_corr_only,-0.15,0.16,0.08,0.3,corr_only,0.9439178664624149,0.0842758125915459,0.0892829933470717,-0.11290346857229594,0.7464413065182424,False,53,0.4649122807017544
CG_corr-0.15_vol0.16_base0.08_guard0.35_either,-0.15,0.16,0.08,0.35,either,0.9607302217123415,0.08077078737866668,0.0840722874676579,-0.0957726604947833,0.8433595450036208,False,61,0.5350877192982456
CG_corr-0.15_vol0.16_base0.08_guard0.35_corr_only,-0.15,0.16,0.08,0.35,corr_only,0.965275262414941,0.08416479356947133,0.08719253133961655,-0.11136168514104036,0.7557787354140343,False,53,0.4649122807017544
CG_corr-0.15_vol0.16_base0.08_guard0.40_either,-0.15,0.16,0.08,0.4,either,0.9923127133164327,0.08078991739088254,0.08141578386199706,-0.0957726604947833,0.8435592889818816,False,61,0.5350877192982456
CG_corr-0.15_vol0.16_base0.08_guard0.40_corr_only,-0.15,0.16,0.08,0.4,corr_only,1.0067686717764919,0.08563175785032463,0.08505604142332247,-0.1043547572366382,0.8205831733779353,False,53,0.4649122807017544
CG_corr-0.15_vol0.16_base0.10_guard0.25_either,-0.15,0.16,0.1,0.25,either,0.8860821163771598,0.07922860376901839,0.089414516222213,-0.1038515693666051,0.7629023254269226,False,61,0.5350877192982456
CG_corr-0.15_vol0.16_base0.10_guard0.25_corr_only,-0.15,0.16,0.1,0.25,corr_only,0.8848751067668433,0.08053453269526657,0.09101231583915119,-0.11748180469312168,0.6855064314481177,False,53,0.4649122807017544
CG_corr-0.15_vol0.16_base0.10_guard0.30_either,-0.15,0.16,0.1,0.3,either,0.9389981812086214,0.08093192144294212,0.08618964664955098,-0.0966942452797704,0.8369879842257174,False,61,0.5350877192982456
CG_corr-0.15_vol0.16_base0.10_guard0.30_corr_only,-0.15,0.16,0.1,0.3,corr_only,0.9396563708407449,0.08316454333458972,0.08850527268833325,-0.11193646554541407,0.7429620269799281,False,53,0.4649122807017544
CG_corr-0.15_vol0.16_base0.10_guard0.35_either,-0.15,0.16,0.1,0.35,either,0.9582364357165502,0.07990999598091415,0.08339277552221133,-0.09362761935842448,0.8534874274118128,False,61,0.5350877192982456
CG_corr-0.15_vol0.16_base0.10_guard0.35_corr_only,-0.15,0.16,0.1,0.35,corr_only,0.9618778991968601,0.08308557876055171,0.08637850898739408,-0.11039693932886163,0.7526076290308007,False,53,0.4649122807017544
CG_corr-0.15_vol0.16_base0.10_guard0.40_either,-0.15,0.16,0.1,0.4,either,0.9915937020047566,0.08001557436410116,0.08069391142998338,-0.0944708301908127,0.8469870985836079,False,61,0.5350877192982456
CG_corr-0.15_vol0.16_base0.10_guard0.40_corr_only,-0.15,0.16,0.1,0.4,corr_only,1.0032983803643885,0.08454817095709599,0.08427021573222204,-0.10337590325257186,0.8178711701364751,False,53,0.4649122807017544
CG_corr-0.15_vol0.18_base0.05_guard0.25_either,-0.15,0.18,0.05,0.25,either,0.9203670833730216,0.08384791995917183,0.09110269312531308,-0.10409163594800987,0.8055202437307348,False,57,0.5
CG_corr-0.15_vol0.18_base0.05_guard0.25_corr_only,-0.15,0.18,0.05,0.25,corr_only,0.8975336306296552,0.08311410127062756,0.09260277100961636,-0.11989160183910628,0.6932437301335428,False,53,0.4649122807017544
CG_corr-0.15_vol0.18_base0.05_guard0.30_either,-0.15,0.18,0.05,0.3,either,0.9748171661088082,0.08615879487019075,0.08838456878443376,-0.09979255825325453,0.863378957091531,False,57,0.5
CG_corr-0.15_vol0.18_base0.05_guard0.30_corr_only,-0.15,0.18,0.05,0.3,corr_only,0.9582138687559131,0.08661180920606755,0.09038880779143708,-0.11434754338422178,0.7574435500992028,False,53,0.4649122807017544
CG_corr-0.15_vol0.18_base0.05_guard0.35_either,-0.15,0.18,0.05,0.35,either,0.9962867198005498,0.08569725457395319,0.08601665852889138,-0.09979255825325474,0.8587539599543053,False,57,0.5
CG_corr-0.15_vol0.18_base0.05_guard0.35_corr_only,-0.15,0.18,0.05,0.35,corr_only,0.9796919206892212,0.0865281877949123,0.08832183461719172,-0.11280254391323045,0.7670765639954997,False,53,0.4649122807017544
CG_corr-0.15_vol0.18_base0.05_guard0.40_either,-0.15,0.18,0.05,0.4,either,1.0339037540345786,0.08647835848084429,0.08364256164404259,-0.0997925582532546,0.8665812360614967,False,57,0.5
CG_corr-0.15_vol0.18_base0.05_guard0.40_corr_only,-0.15,0.18,0.05,0.4,corr_only,1.0206765936054476,0.08799483371170504,0.08621225789147496,-0.10579989812899736,0.8317100041477984,False,53,0.4649122807017544
CG_corr-0.15_vol0.18_base0.08_guard0.25_either,-0.15,0.18,0.08,0.25,either,0.9045674675785771,0.08166402485641518,0.09027963947788258,-0.10410193992583555,0.7844620850926926,False,57,0.5
CG_corr-0.15_vol0.18_base0.08_guard0.25_corr_only,-0.15,0.18,0.08,0.25,corr_only,0.8828772618184656,0.08082929963345092,0.09155213655289583,-0.11844905785376274,0.6823971511300901,False,53,0.4649122807017544
CG_corr-0.15_vol0.18_base0.08_guard0.30_either,-0.15,0.18,0.08,0.3,either,0.9600394449520051,0.08400886337075211,0.08750563720322131,-0.09692243566711606,0.8667638487675225,False,57,0.5
CG_corr-0.15_vol0.18_base0.08_guard0.30_corr_only,-0.15,0.18,0.08,0.3,corr_only,0.9439178664624149,0.0842758125915459,0.0892829933470717,-0.11290346857229594,0.7464413065182424,False,53,0.4649122807017544
CG_corr-0.15_vol0.18_base0.08_guard0.35_either,-0.15,0.18,0.08,0.35,either,0.9814652756998222,0.08354002565241242,0.08511765797607582,-0.0957726604947833,0.872274250509756,False,57,0.5
CG_corr-0.15_vol0.18_base0.08_guard0.35_corr_only,-0.15,0.18,0.08,0.35,corr_only,0.965275262414941,0.08416479356947133,0.08719253133961655,-0.11136168514104036,0.7557787354140343,False,53,0.4649122807017544
CG_corr-0.15_vol0.18_base0.08_guard0.40_either,-0.15,0.18,0.08,0.4,either,1.0184263627822856,0.08424418605823451,0.08271995810093129,-0.0957726604947833,0.8796266661384359,False,57,0.5
CG_corr-0.15_vol0.18_base0.08_guard0.40_corr_only,-0.15,0.18,0.08,0.4,corr_only,1.0067686717764919,0.08563175785032463,0.08505604142332247,-0.1043547572366382,0.8205831733779353,False,53,0.4649122807017544
CG_corr-0.15_vol0.18_base0.10_guard0.25_either,-0.15,0.18,0.1,0.25,either,0.8993031116251372,0.08065690770825064,0.08968823377303227,-0.10410895350983619,0.7747355533703467,False,57,0.5
CG_corr-0.15_vol0.18_base0.10_guard0.25_corr_only,-0.15,0.18,0.1,0.25,corr_only,0.8848751067668433,0.08053453269526657,0.09101231583915119,-0.11748180469312168,0.6855064314481177,False,53,0.4649122807017544
CG_corr-0.15_vol0.18_base0.10_guard0.30_either,-0.15,0.18,0.1,0.3,either,0.9552124793186676,0.08298837382322567,0.08687949081488078,-0.0969292747513038,0.8561745049279799,False,57,0.5
CG_corr-0.15_vol0.18_base0.10_guard0.30_corr_only,-0.15,0.18,0.1,0.3,corr_only,0.9396563708407449,0.08316454333458972,0.08850527268833325,-0.11193646554541407,0.7429620269799281,False,53,0.4649122807017544
CG_corr-0.15_vol0.18_base0.10_guard0.35_either,-0.15,0.18,0.1,0.35,either,0.9706347646950738,0.08194578991113599,0.08442494838610007,-0.09382972589839966,0.8733457241457596,False,57,0.5
CG_corr-0.15_vol0.18_base0.10_guard0.35_corr_only,-0.15,0.18,0.1,0.35,corr_only,0.9618778991968601,0.08308557876055171,0.08637850898739408,-0.11039693932886163,0.7526076290308007,False,53,0.4649122807017544
CG_corr-0.15_vol0.18_base0.10_guard0.40_either,-0.15,0.18,0.1,0.4,either,1.012936988935177,0.08315234432655053,0.08209034247427593,-0.0944708301908127,0.8801906806428922,False,57,0.5
CG_corr-0.15_vol0.18_base0.10_guard0.40_corr_only,-0.15,0.18,0.1,0.4,corr_only,1.0032983803643885,0.08454817095709599,0.08427021573222204,-0.10337590325257186,0.8178711701364751,False,53,0.4649122807017544
CG_corr-0.15_vol0.20_base0.05_guard0.25_either,-0.15,0.2,0.05,0.25,either,0.8836453258823793,0.08102103143911067,0.09168953772058458,-0.11989160183910623,0.675785711394868,False,56,0.49122807017543857
CG_corr-0.15_vol0.20_base0.05_guard0.25_corr_only,-0.15,0.2,0.05,0.25,corr_only,0.8975336306296552,0.08311410127062756,0.09260277100961636,-0.11989160183910628,0.6932437301335428,False,53,0.4649122807017544
CG_corr-0.15_vol0.20_base0.05_guard0.30_either,-0.15,0.2,0.05,0.3,either,0.9407466530482798,0.08398437179089169,0.08927416485486189,-0.11434754338422191,0.7344659037290708,False,56,0.49122807017543857
CG_corr-0.15_vol0.20_base0.05_guard0.30_corr_only,-0.15,0.2,0.05,0.3,corr_only,0.9582138687559131,0.08661180920606755,0.09038880779143708,-0.11434754338422178,0.7574435500992028,False,53,0.4649122807017544
CG_corr-0.15_vol0.20_base0.05_guard0.35_either,-0.15,0.2,0.05,0.35,either,0.9578911876516154,0.0833394389443345,0.08700303334938396,-0.11280254391323047,0.7388081514229018,False,56,0.49122807017543857
CG_corr-0.15_vol0.20_base0.05_guard0.35_corr_only,-0.15,0.2,0.05,0.35,corr_only,0.9796919206892212,0.0865281877949123,0.08832183461719172,-0.11280254391323045,0.7670765639954997,False,53,0.4649122807017544
CG_corr-0.15_vol0.20_base0.05_guard0.40_either,-0.15,0.2,0.05,0.4,either,0.9950467470351197,0.08428004928891265,0.08469958777317427,-0.10579989812899727,0.7965985863819416,False,56,0.49122807017543857
CG_corr-0.15_vol0.20_base0.05_guard0.40_corr_only,-0.15,0.2,0.05,0.4,corr_only,1.0206765936054476,0.08799483371170504,0.08621225789147496,-0.10579989812899736,0.8317100041477984,False,53,0.4649122807017544
CG_corr-0.15_vol0.20_base0.08_guard0.25_either,-0.15,0.2,0.08,0.25,either,0.8709362476198315,0.07906305704498888,0.0907793851284283,-0.11844905785376272,0.667485740094279,False,56,0.49122807017543857
CG_corr-0.15_vol0.20_base0.08_guard0.25_corr_only,-0.15,0.2,0.08,0.25,corr_only,0.8828772618184656,0.08082929963345092,0.09155213655289583,-0.11844905785376274,0.6823971511300901,False,53,0.4649122807017544
CG_corr-0.15_vol0.20_base0.08_guard0.30_either,-0.15,0.2,0.08,0.3,either,0.9283879446720584,0.08198266157501687,0.08830646934345558,-0.11290346857229598,0.7261305840441965,False,56,0.49122807017543857
CG_corr-0.15_vol0.20_base0.08_guard0.30_corr_only,-0.15,0.2,0.08,0.3,corr_only,0.9439178664624149,0.0842758125915459,0.0892829933470717,-0.11290346857229594,0.7464413065182424,False,53,0.4649122807017544
CG_corr-0.15_vol0.20_base0.08_guard0.35_either,-0.15,0.2,0.08,0.35,either,0.9457770621267262,0.08134769771242832,0.08601149358550252,-0.11136168514104039,0.7304819212227336,False,56,0.49122807017543857
CG_corr-0.15_vol0.20_base0.08_guard0.35_corr_only,-0.15,0.2,0.08,0.35,corr_only,0.965275262414941,0.08416479356947133,0.08719253133961655,-0.11136168514104036,0.7557787354140343,False,53,0.4649122807017544
CG_corr-0.15_vol0.20_base0.08_guard0.40_either,-0.15,0.2,0.08,0.4,either,0.9824128582183046,0.08220686487803856,0.08367853106801576,-0.10435475723663835,0.7877634623941822,False,56,0.49122807017543857
CG_corr-0.15_vol0.20_base0.08_guard0.40_corr_only,-0.15,0.2,0.08,0.4,corr_only,1.0067686717764919,0.08563175785032463,0.08505604142332247,-0.1043547572366382,0.8205831733779353,False,53,0.4649122807017544
CG_corr-0.15_vol0.20_base0.10_guard0.25_either,-0.15,0.2,0.1,0.25,either,0.8743334846172641,0.07898396025185597,0.09033619510344028,-0.11748180469312164,0.6723080264060699,False,56,0.49122807017543857
CG_corr-0.15_vol0.20_base0.10_guard0.25_corr_only,-0.15,0.2,0.1,0.25,corr_only,0.8848751067668433,0.08053453269526657,0.09101231583915119,-0.11748180469312168,0.6855064314481177,False,53,0.4649122807017544
CG_corr-0.15_vol0.20_base0.10_guard0.30_either,-0.15,0.2,0.1,0.3,either,0.9252779825872963,0.0810737380544485,0.08762095238421985,-0.11193646554541398,0.7242835269044287,False,56,0.49122807017543857
CG_corr-0.15_vol0.20_base0.10_guard0.30_corr_only,-0.15,0.2,0.1,0.3,corr_only,0.9396563708407449,0.08316454333458972,0.08850527268833325,-0.11193646554541407,0.7429620269799281,False,53,0.4649122807017544
CG_corr-0.15_vol0.20_base0.10_guard0.35_either,-0.15,0.2,0.1,0.35,either,0.9425242788643072,0.08038679873163955,0.0852888360907811,-0.11039693932886167,0.7281614800223324,False,56,0.49122807017543857
CG_corr-0.15_vol0.20_base0.10_guard0.35_corr_only,-0.15,0.2,0.1,0.35,corr_only,0.9618778991968601,0.08308557876055171,0.08637850898739408,-0.11039693932886163,0.7526076290308007,False,53,0.4649122807017544
CG_corr-0.15_vol0.20_base0.10_guard0.40_either,-0.15,0.2,0.1,0.4,either,0.9786855584002361,0.08121739435853553,0.08298619884745603,-0.10337590325257191,0.785651121810294,False,56,0.49122807017543857
CG_corr-0.15_vol0.20_base0.10_guard0.40_corr_only,-0.15,0.2,0.1,0.4,corr_only,1.0032983803643885,0.08454817095709599,0.08427021573222204,-0.10337590325257186,0.8178711701364751,False,53,0.4649122807017544
CG_corr-0.10_vol0.16_base0.05_guard0.25_either,-0.1,0.16,0.05,0.25,either,0.8898655226774929,0.08143264677087064,0.09151118308960898,-0.10363467005844738,0.7857664498275012,False,56,0.49122807017543857
CG_corr-0.10_vol0.16_base0.05_guard0.25_corr_only,-0.1,0.16,0.05,0.25,corr_only,0.8764637723376083,0.0818477449526191,0.09338405937112922,-0.11989160183910623,0.6826812195107564,False,47,0.41228070175438597
CG_corr-0.10_vol0.16_base0.05_guard0.30_either,-0.1,0.16,0.05,0.3,either,0.91940224046457,0.08191677503909008,0.08909786319173846,-0.09979255825325446,0.8208705786577887,False,56,0.49122807017543857
CG_corr-0.10_vol0.16_base0.05_guard0.30_corr_only,-0.1,0.16,0.05,0.3,corr_only,0.8989999303911288,0.08229313448045969,0.09153853265000403,-0.11434754338422184,0.7196755788967377,False,47,0.41228070175438597
CG_corr-0.10_vol0.16_base0.05_guard0.35_either,-0.1,0.16,0.05,0.35,either,0.9112086335737944,0.0794283989945298,0.08716818088411722,-0.09979255825325462,0.7959350916022773,False,56,0.49122807017543857
CG_corr-0.10_vol0.16_base0.05_guard0.35_corr_only,-0.1,0.16,0.05,0.35,corr_only,0.8964248789393856,0.08068101052624325,0.09000309163853398,-0.1128025439132306,0.7152410550980508,False,47,0.41228070175438597
CG_corr-0.10_vol0.16_base0.05_guard0.40_either,-0.1,0.16,0.05,0.4,either,0.9368800063622124,0.07940657650667265,0.0847563999310845,-0.09979255825325455,0.7957164130931873,False,56,0.49122807017543857
CG_corr-0.10_vol0.16_base0.05_guard0.40_corr_only,-0.1,0.16,0.05,0.4,corr_only,0.9306380861585525,0.08208957521431867,0.08820783979856708,-0.10579989812899714,0.7758946526983465,False,47,0.41228070175438597
CG_corr-0.10_vol0.16_base0.08_guard0.25_either,-0.1,0.16,0.08,0.25,either,0.857632249464058,0.07825498922444832,0.09124539016968002,-0.1037865012127709,0.7539996850266599,False,56,0.49122807017543857
CG_corr-0.10_vol0.16_base0.08_guard0.25_corr_only,-0.1,0.16,0.08,0.25,corr_only,0.8427040517994346,0.07816753722357642,0.09275799381368165,-0.11844905785376264,0.6599253606565799,False,47,0.41228070175438597
CG_corr-0.10_vol0.16_base0.08_guard0.30_either,-0.1,0.16,0.08,0.3,either,0.8866911151151791,0.07877071496785497,0.0888367026860564,-0.09663452147860985,0.8151405291047149,False,56,0.49122807017543857
CG_corr-0.10_vol0.16_base0.08_guard0.30_corr_only,-0.1,0.16,0.08,0.3,corr_only,0.8659542052068769,0.07865411598484012,0.09082941743559016,-0.11290346857229602,0.696649243636613,False,47,0.41228070175438597
CG_corr-0.10_vol0.16_base0.08_guard0.35_either,-0.1,0.16,0.08,0.35,either,0.8783263129650574,0.07633249542341597,0.0869067615266272,-0.09577266049478331,0.7970175938421776,False,56,0.49122807017543857
CG_corr-0.10_vol0.16_base0.08_guard0.35_corr_only,-0.1,0.16,0.08,0.35,corr_only,0.8633632251558185,0.07707347856178703,0.08927120858996157,-0.11136168514104035,0.6921005053414282,False,47,0.41228070175438597
CG_corr-0.10_vol0.16_base0.08_guard0.40_either,-0.1,0.16,0.08,0.4,either,0.9036940797547002,0.0763566991871993,0.08449396858716354,-0.09577266049478335,0.7972703148552335,False,56,0.49122807017543857
CG_corr-0.10_vol0.16_base0.08_guard0.40_corr_only,-0.1,0.16,0.08,0.4,corr_only,0.9005657044878268,0.07908131124751225,0.08781292786680976,-0.10435475723663823,0.7578122295678855,False,47,0.41228070175438597
CG_corr-0.10_vol0.16_base0.10_guard0.25_either,-0.1,0.16,0.1,0.25,either,0.858629456460239,0.07762064081350421,0.09040062652113151,-0.10385156936660485,0.7474190451518048,False,56,0.49122807017543857
CG_corr-0.10_vol0.16_base0.10_guard0.25_corr_only,-0.1,0.16,0.1,0.25,corr_only,0.8440448662409741,0.07748466828711259,0.0918015989270774,-0.11748180469312167,0.6595461185628958,False,47,0.41228070175438597
CG_corr-0.10_vol0.16_base0.10_guard0.30_either,-0.1,0.16,0.1,0.3,either,0.8883303814691168,0.07814458788171136,0.087967933453403,-0.09669424527977041,0.8081617231264552,False,56,0.49122807017543857
CG_corr-0.10_vol0.16_base0.10_guard0.30_corr_only,-0.1,0.16,0.1,0.3,corr_only,0.8672862954297558,0.07793038057059842,0.0898554271885301,-0.1119364655454141,0.6962019051689732,False,47,0.41228070175438597
CG_corr-0.10_vol0.16_base0.10_guard0.35_either,-0.1,0.16,0.1,0.35,either,0.8804518820214547,0.075729922301654,0.08601256223995285,-0.09385651378183223,0.8068691159538147,False,56,0.49122807017543857
CG_corr-0.10_vol0.16_base0.10_guard0.35_corr_only,-0.1,0.16,0.1,0.35,corr_only,0.8648765899376434,0.07635072695549634,0.08827933122921172,-0.11039693932886166,0.6916018453016619,False,47,0.41228070175438597
CG_corr-0.10_vol0.16_base0.10_guard0.40_either,-0.1,0.16,0.1,0.4,either,0.9074560088400581,0.07582504770833746,0.08355782205383122,-0.09385651378183202,0.8078826354512973,False,56,0.49122807017543857
CG_corr-0.10_vol0.16_base0.10_guard0.40_corr_only,-0.1,0.16,0.1,0.4,corr_only,0.9044606801423394,0.07850712733303741,0.08679993399014578,-0.10337590325257176,0.7594335320217319,False,47,0.41228070175438597
CG_corr-0.10_vol0.18_base0.05_guard0.25_either,-0.1,0.18,0.05,0.25,either,0.8969308693453248,0.08245755417091609,0.09193300954297888,-0.10409163594801,0.7921631110889702,False,51,0.4473684210526316
CG_corr-0.10_vol0.18_base0.05_guard0.25_corr_only,-0.1,0.18,0.05,0.25,corr_only,0.8764637723376083,0.0818477449526191,0.09338405937112922,-0.11989160183910623,0.6826812195107564,False,47,0.41228070175438597
CG_corr-0.10_vol0.18_base0.05_guard0.30_either,-0.1,0.18,0.05,0.3,either,0.9168782768848466,0.08235905973218445,0.08982551098495288,-0.09979255825325446,0.8253026194916546,False,51,0.4473684210526316
CG_corr-0.10_vol0.18_base0.05_guard0.30_corr_only,-0.1,0.18,0.05,0.3,corr_only,0.8989999303911288,0.08229313448045969,0.09153853265000403,-0.11434754338422184,0.7196755788967377,False,47,0.41228070175438597
CG_corr-0.10_vol0.18_base0.05_guard0.35_either,-0.1,0.18,0.05,0.35,either,0.914443412365281,0.08060339165509911,0.08814475621472519,-0.09979255825325462,0.8077094431284442,False,51,0.4473684210526316
CG_corr-0.10_vol0.18_base0.05_guard0.35_corr_only,-0.1,0.18,0.05,0.35,corr_only,0.8964248789393856,0.08068101052624325,0.09000309163853398,-0.1128025439132306,0.7152410550980508,False,47,0.41228070175438597
CG_corr-0.10_vol0.18_base0.05_guard0.40_either,-0.1,0.18,0.05,0.4,either,0.9445685475976484,0.08131396142643402,0.08608582366334601,-0.09979255825325455,0.8148299116661047,False,51,0.4473684210526316
CG_corr-0.10_vol0.18_base0.05_guard0.40_corr_only,-0.1,0.18,0.05,0.4,corr_only,0.9306380861585525,0.08208957521431867,0.08820783979856708,-0.10579989812899714,0.7758946526983465,False,47,0.41228070175438597
CG_corr-0.10_vol0.18_base0.08_guard0.25_either,-0.1,0.18,0.08,0.25,either,0.8630000092662418,0.07894465930372967,0.09147700863972374,-0.10410193992583552,0.75833994409683,False,51,0.4473684210526316
CG_corr-0.10_vol0.18_base0.08_guard0.25_corr_only,-0.1,0.18,0.08,0.25,corr_only,0.8427040517994346,0.07816753722357642,0.09275799381368165,-0.11844905785376264,0.6599253606565799,False,47,0.41228070175438597
CG_corr-0.10_vol0.18_base0.08_guard0.30_either,-0.1,0.18,0.08,0.3,either,0.8834995368675973,0.07892287084391919,0.08932983838761956,-0.09692243566711604,0.8142889755162873,False,51,0.4473684210526316
CG_corr-0.10_vol0.18_base0.08_guard0.30_corr_only,-0.1,0.18,0.08,0.3,corr_only,0.8659542052068769,0.07865411598484012,0.09082941743559016,-0.11290346857229602,0.696649243636613,False,47,0.41228070175438597
CG_corr-0.10_vol0.18_base0.08_guard0.35_either,-0.1,0.18,0.08,0.35,either,0.8804765465444376,0.07717190945225494,0.08764788767529093,-0.09577266049478331,0.8057822457219768,False,51,0.4473684210526316
CG_corr-0.10_vol0.18_base0.08_guard0.35_corr_only,-0.1,0.18,0.08,0.35,corr_only,0.8633632251558185,0.07707347856178703,0.08927120858996157,-0.11136168514104035,0.6921005053414282,False,47,0.41228070175438597
CG_corr-0.10_vol0.18_base0.08_guard0.40_either,-0.1,0.18,0.08,0.4,either,0.909095442718579,0.07779872430889952,0.08557816996227426,-0.09577266049478335,0.8123270660642986,False,51,0.4473684210526316
CG_corr-0.10_vol0.18_base0.08_guard0.40_corr_only,-0.1,0.18,0.08,0.4,corr_only,0.9005657044878268,0.07908131124751225,0.08781292786680976,-0.10435475723663823,0.7578122295678855,False,47,0.41228070175438597
CG_corr-0.10_vol0.18_base0.10_guard0.25_either,-0.1,0.18,0.1,0.25,either,0.8636316428224069,0.07830515651599144,0.09066962421627452,-0.10410895350983629,0.7521462263914998,False,51,0.4473684210526316
CG_corr-0.10_vol0.18_base0.10_guard0.25_corr_only,-0.1,0.18,0.1,0.25,corr_only,0.8440448662409741,0.07748466828711259,0.0918015989270774,-0.11748180469312167,0.6595461185628958,False,47,0.41228070175438597
CG_corr-0.10_vol0.18_base0.10_guard0.30_either,-0.1,0.18,0.1,0.3,either,0.8844997930993769,0.07827837239695937,0.08850015908162513,-0.09692927475130396,0.8075823593831885,False,51,0.4473684210526316
CG_corr-0.10_vol0.18_base0.10_guard0.30_corr_only,-0.1,0.18,0.1,0.3,corr_only,0.8672862954297558,0.07793038057059842,0.0898554271885301,-0.1119364655454141,0.6962019051689732,False,47,0.41228070175438597
CG_corr-0.10_vol0.18_base0.10_guard0.35_either,-0.1,0.18,0.1,0.35,either,0.8813951822106696,0.07649201930618174,0.0867851570442312,-0.09385651378183223,0.8149889253716163,False,51,0.4473684210526316
CG_corr-0.10_vol0.18_base0.10_guard0.35_corr_only,-0.1,0.18,0.1,0.35,corr_only,0.8648765899376434,0.07635072695549634,0.08827933122921172,-0.11039693932886166,0.6916018453016619,False,47,0.41228070175438597
CG_corr-0.10_vol0.18_base0.10_guard0.40_either,-0.1,0.18,0.1,0.4,either,0.9113393386121792,0.07720319005273452,0.08471398828267673,-0.09385651378183202,0.8225661378409186,False,51,0.4473684210526316
CG_corr-0.10_vol0.18_base0.10_guard0.40_corr_only,-0.1,0.18,0.1,0.4,corr_only,0.9044606801423394,0.07850712733303741,0.08679993399014578,-0.10337590325257176,0.7594335320217319,False,47,0.41228070175438597
CG_corr-0.10_vol0.20_base0.05_guard0.25_either,-0.1,0.2,0.05,0.25,either,0.8624352396560016,0.0797546751211022,0.09247613206634951,-0.11989160183910622,0.6652232007720814,False,50,0.43859649122807015
CG_corr-0.10_vol0.20_base0.05_guard0.25_corr_only,-0.1,0.2,0.05,0.25,corr_only,0.8764637723376083,0.0818477449526191,0.09338405937112922,-0.11989160183910623,0.6826812195107564,False,47,0.41228070175438597
CG_corr-0.10_vol0.20_base0.05_guard0.30_either,-0.1,0.2,0.05,0.3,either,0.8809895906153723,0.07966569706528381,0.09042751232694728,-0.114347543384222,0.6966979325266057,False,50,0.43859649122807015
CG_corr-0.10_vol0.20_base0.05_guard0.30_corr_only,-0.1,0.2,0.05,0.3,corr_only,0.8989999303911288,0.08229313448045969,0.09153853265000403,-0.11434754338422184,0.7196755788967377,False,47,0.41228070175438597
CG_corr-0.10_vol0.20_base0.05_guard0.35_either,-0.1,0.2,0.05,0.35,either,0.8737270199652397,0.07749226167566545,0.08869161638007761,-0.1128025439132307,0.6869726425254521,False,50,0.43859649122807015
CG_corr-0.10_vol0.20_base0.05_guard0.35_corr_only,-0.1,0.2,0.05,0.35,corr_only,0.8964248789393856,0.08068101052624325,0.09000309163853398,-0.1128025439132306,0.7152410550980508,False,47,0.41228070175438597
CG_corr-0.10_vol0.20_base0.05_guard0.40_either,-0.1,0.2,0.05,0.4,either,0.9038859667328771,0.07837479079152629,0.08670871512123848,-0.1057998981289974,0.7407832349324871,False,50,0.43859649122807015
CG_corr-0.10_vol0.20_base0.05_guard0.40_corr_only,-0.1,0.2,0.05,0.4,corr_only,0.9306380861585525,0.08208957521431867,0.08820783979856708,-0.10579989812899714,0.7758946526983465,False,47,0.41228070175438597
CG_corr-0.10_vol0.20_base0.08_guard0.25_either,-0.1,0.2,0.08,0.25,either,0.8305294198870388,0.07640129463511437,0.09199107557864211,-0.11844905785376263,0.6450139496207687,False,50,0.43859649122807015
CG_corr-0.10_vol0.20_base0.08_guard0.25_corr_only,-0.1,0.2,0.08,0.25,corr_only,0.8427040517994346,0.07816753722357642,0.09275799381368165,-0.11844905785376264,0.6599253606565799,False,47,0.41228070175438597
CG_corr-0.10_vol0.20_base0.08_guard0.30_either,-0.1,0.2,0.08,0.3,either,0.8497993783811761,0.07636096496831109,0.0898576380624975,-0.11290346857229595,0.6763385211625678,False,50,0.43859649122807015
CG_corr-0.10_vol0.20_base0.08_guard0.30_corr_only,-0.1,0.2,0.08,0.3,corr_only,0.8659542052068769,0.07865411598484012,0.09082941743559016,-0.11290346857229602,0.696649243636613,False,47,0.41228070175438597
CG_corr-0.10_vol0.20_base0.08_guard0.35_either,-0.1,0.2,0.08,0.35,either,0.842874544789826,0.07425638270474402,0.08809897411632016,-0.11136168514104038,0.6668036911501274,False,50,0.43859649122807015
CG_corr-0.10_vol0.20_base0.08_guard0.35_corr_only,-0.1,0.2,0.08,0.35,corr_only,0.8633632251558185,0.07707347856178703,0.08927120858996157,-0.11136168514104035,0.6921005053414282,False,47,0.41228070175438597
CG_corr-0.10_vol0.20_base0.08_guard0.40_either,-0.1,0.2,0.08,0.4,either,0.8750703180439632,0.07565641827522616,0.08645753000094927,-0.10435475723663809,0.7249925185841343,False,50,0.43859649122807015
CG_corr-0.10_vol0.20_base0.08_guard0.40_corr_only,-0.1,0.2,0.08,0.4,corr_only,0.9005657044878268,0.07908131124751225,0.08781292786680976,-0.10435475723663823,0.7578122295678855,False,47,0.41228070175438597
CG_corr-0.10_vol0.20_base0.10_guard0.25_either,-0.1,0.2,0.1,0.25,either,0.8332779485437508,0.07593409584370199,0.0911269714702106,-0.11748180469312176,0.6463477135208472,False,50,0.43859649122807015
CG_corr-0.10_vol0.20_base0.10_guard0.25_corr_only,-0.1,0.2,0.1,0.25,corr_only,0.8440448662409741,0.07748466828711259,0.0918015989270774,-0.11748180469312167,0.6595461185628958,False,47,0.41228070175438597
CG_corr-0.10_vol0.20_base0.10_guard0.30_either,-0.1,0.2,0.1,0.3,either,0.8523772900152821,0.07583957529045719,0.08897418570255138,-0.11193646554541437,0.6775234050934715,False,50,0.43859649122807015
CG_corr-0.10_vol0.20_base0.10_guard0.30_corr_only,-0.1,0.2,0.1,0.3,corr_only,0.8672862954297558,0.07793038057059842,0.0898554271885301,-0.1119364655454141,0.6962019051689732,False,47,0.41228070175438597
CG_corr-0.10_vol0.20_base0.10_guard0.35_either,-0.1,0.2,0.1,0.35,either,0.8446722467175044,0.07365194692658418,0.0871958883612008,-0.11039693932886169,0.6671556962931937,False,50,0.43859649122807015
CG_corr-0.10_vol0.20_base0.10_guard0.35_corr_only,-0.1,0.2,0.1,0.35,corr_only,0.8648765899376434,0.07635072695549634,0.08827933122921172,-0.11039693932886166,0.6916018453016619,False,47,0.41228070175438597
CG_corr-0.10_vol0.20_base0.10_guard0.40_either,-0.1,0.2,0.1,0.4,either,0.8789048511651094,0.07517635073447695,0.08553411741307418,-0.1033759032525718,0.7272134836955507,False,50,0.43859649122807015
CG_corr-0.10_vol0.20_base0.10_guard0.40_corr_only,-0.1,0.2,0.1,0.4,corr_only,0.9044606801423394,0.07850712733303741,0.08679993399014578,-0.10337590325257176,0.7594335320217319,False,47,0.41228070175438597
CG_corr-0.05_vol0.16_base0.05_guard0.25_either,-0.05,0.16,0.05,0.25,either,0.8910198899731051,0.08173173972758704,0.09172829994856127,-0.10363966224538544,0.7886144933015367,False,52,0.45614035087719296
CG_corr-0.05_vol0.16_base0.05_guard0.25_corr_only,-0.05,0.16,0.05,0.25,corr_only,0.8669535054703601,0.08130857886607304,0.09378655066624315,-0.12549935443873023,0.6478804550804963,False,42,0.3684210526315789
CG_corr-0.05_vol0.16_base0.05_guard0.30_either,-0.05,0.16,0.05,0.3,either,0.9161122421341841,0.08187057796534172,0.08936740958140153,-0.09979255825325446,0.8204076476080493,False,52,0.45614035087719296
CG_corr-0.05_vol0.16_base0.05_guard0.30_corr_only,-0.05,0.16,0.05,0.3,corr_only,0.8827603588327223,0.08132785197291192,0.09212902591191575,-0.12130513797866199,0.6704402907255073,False,42,0.3684210526315789
CG_corr-0.05_vol0.16_base0.05_guard0.35_either,-0.05,0.16,0.05,0.35,either,0.9068901600756367,0.07935329766168656,0.0875004506114261,-0.09979255825325462,0.7951825171201936,False,52,0.45614035087719296
CG_corr-0.05_vol0.16_base0.05_guard0.35_corr_only,-0.05,0.16,0.05,0.35,corr_only,0.8768274846992115,0.0795381280871559,0.09071126244912453,-0.12115575007466708,0.6564948674589306,False,42,0.3684210526315789
CG_corr-0.05_vol0.16_base0.05_guard0.40_either,-0.05,0.16,0.05,0.4,either,0.9298743814759093,0.07917592614825944,0.0851469055665243,-0.09979255825325455,0.793405114911735,False,52,0.45614035087719296
CG_corr-0.05_vol0.16_base0.05_guard0.40_corr_only,-0.05,0.16,0.05,0.4,corr_only,0.8996244531244869,0.08011381419250937,0.08905250842645059,-0.11862841338526008,0.6753341118398853,False,42,0.3684210526315789
CG_corr-0.05_vol0.16_base0.08_guard0.25_either,-0.05,0.16,0.08,0.25,either,0.8549878886589988,0.07817199822856011,0.09143053283616516,-0.10379111232772059,0.753166590813016,False,52,0.45614035087719296
CG_corr-0.05_vol0.16_base0.08_guard0.25_corr_only,-0.05,0.16,0.08,0.25,corr_only,0.8313290678247753,0.07733747333551536,0.09302871309176486,-0.12345758014225154,0.6264295253997753,False,42,0.3684210526315789
CG_corr-0.05_vol0.16_base0.08_guard0.30_either,-0.05,0.16,0.08,0.3,either,0.8805169597800865,0.0784322572199609,0.08907523739184961,-0.09663911960457665,0.8115994593171614,False,52,0.45614035087719296
CG_corr-0.05_vol0.16_base0.08_guard0.30_corr_only,-0.05,0.16,0.08,0.3,corr_only,0.848338859672199,0.07750644895334059,0.09136260595593763,-0.11926701970151028,0.6498565080884563,False,42,0.3684210526315789
CG_corr-0.05_vol0.16_base0.08_guard0.35_either,-0.05,0.16,0.08,0.35,either,0.8697466500210596,0.07584204880560488,0.08720016202852691,-0.09577266049478331,0.7918966478929127,False,52,0.45614035087719296
CG_corr-0.05_vol0.16_base0.08_guard0.35_corr_only,-0.05,0.16,0.08,0.35,corr_only,0.840926616295119,0.07561643620433495,0.08992037442872154,-0.11912449927149303,0.6347681347394362,False,42,0.3684210526315789
CG_corr-0.05_vol0.16_base0.08_guard0.40_either,-0.05,0.16,0.08,0.4,either,0.8958288838959207,0.07599631377815783,0.08483351580231838,-0.09577266049478335,0.7935073891186022,False,52,0.45614035087719296
CG_corr-0.05_vol0.16_base0.08_guard0.40_corr_only,-0.05,0.16,0.08,0.4,corr_only,0.8670052157436785,0.07650402669701917,0.08823940768499001,-0.11660117793392209,0.6561170997807073,False,42,0.3684210526315789
CG_corr-0.05_vol0.16_base0.10_guard0.25_either,-0.05,0.16,0.1,0.25,either,0.8563981283807441,0.07756315363845442,0.09056903683933648,-0.10385594772472692,0.7468340074661657,False,52,0.45614035087719296
CG_corr-0.05_vol0.16_base0.10_guard0.25_corr_only,-0.05,0.16,0.1,0.25,corr_only,0.8385192948841748,0.07718967113066696,0.09205473457987538,-0.12208677963267754,0.6322524958304864,False,42,0.3684210526315789
CG_corr-0.05_vol0.16_base0.10_guard0.30_either,-0.05,0.16,0.1,0.3,either,0.882497373601238,0.07782877079285139,0.08819150415740365,-0.09669899788676938,0.8048560222308171,False,52,0.45614035087719296
CG_corr-0.05_vol0.16_base0.10_guard0.30_corr_only,-0.05,0.16,0.1,0.3,corr_only,0.8557251322918625,0.07733205710637862,0.09037020672661855,-0.11789643609911354,0.6559321016401791,False,42,0.3684210526315789
CG_corr-0.05_vol0.16_base0.10_guard0.35_either,-0.05,0.16,0.1,0.35,either,0.871888311961237,0.07524080997483953,0.086296385606537,-0.09385651378183223,0.8016578385783159,False,52,0.45614035087719296
CG_corr-0.05_vol0.16_base0.10_guard0.35_corr_only,-0.05,0.16,0.1,0.35,corr_only,0.8483811480823796,0.07543364394486375,0.08891480452549964,-0.11775877551511531,0.6405776861630259,False,42,0.3684210526315789
CG_corr-0.05_vol0.16_base0.10_guard0.40_either,-0.05,0.16,0.1,0.4,either,0.8945772956822047,0.07507163787793537,0.08391855934671999,-0.09385651378183202,0.7998553840646394,False,52,0.45614035087719296
CG_corr-0.05_vol0.16_base0.10_guard0.40_corr_only,-0.05,0.16,0.1,0.4,corr_only,0.8740849465086953,0.07622313797186758,0.08720335280492023,-0.11439308290293267,0.6663264599359221,False,42,0.3684210526315789
CG_corr-0.05_vol0.18_base0.05_guard0.25_either,-0.05,0.18,0.05,0.25,either,0.8985687630228283,0.08280157656612283,0.09214829178745805,-0.10410473661885733,0.7953680039484804,False,47,0.41228070175438597
CG_corr-0.05_vol0.18_base0.05_guard0.25_corr_only,-0.05,0.18,0.05,0.25,corr_only,0.8669535054703601,0.08130857886607304,0.09378655066624315,-0.12549935443873023,0.6478804550804963,False,42,0.3684210526315789
CG_corr-0.05_vol0.18_base0.05_guard0.30_either,-0.05,0.18,0.05,0.3,either,0.9142332043754889,0.08236375287807265,0.09009052885399758,-0.09979255825325446,0.8253496485083505,False,47,0.41228070175438597
CG_corr-0.05_vol0.18_base0.05_guard0.30_corr_only,-0.05,0.18,0.05,0.3,corr_only,0.8827603588327223,0.08132785197291192,0.09212902591191575,-0.12130513797866199,0.6704402907255073,False,42,0.3684210526315789
CG_corr-0.05_vol0.18_base0.05_guard0.35_either,-0.05,0.18,0.05,0.35,either,0.9109214443833741,0.08058625358969805,0.0884667433032592,-0.09979255825325462,0.8075377062203917,False,47,0.41228070175438597
CG_corr-0.05_vol0.18_base0.05_guard0.35_corr_only,-0.05,0.18,0.05,0.35,corr_only,0.8768274846992115,0.0795381280871559,0.09071126244912453,-0.12115575007466708,0.6564948674589306,False,42,0.3684210526315789
CG_corr-0.05_vol0.18_base0.05_guard0.40_either,-0.05,0.18,0.05,0.4,either,0.9385270785435545,0.08114523115841381,0.08646019173398636,-0.09979255825325455,0.8131391015398426,False,47,0.41228070175438597
CG_corr-0.05_vol0.18_base0.05_guard0.40_corr_only,-0.05,0.18,0.05,0.4,corr_only,0.8996244531244869,0.08011381419250937,0.08905250842645059,-0.11862841338526008,0.6753341118398853,False,42,0.3684210526315789
CG_corr-0.05_vol0.18_base0.08_guard0.25_either,-0.05,0.18,0.08,0.25,either,0.8608617530112003,0.07891263878244459,0.09166702842403766,-0.10411304461673244,0.7579515042802063,False,47,0.41228070175438597
CG_corr-0.05_vol0.18_base0.08_guard0.25_corr_only,-0.05,0.18,0.08,0.25,corr_only,0.8313290678247753,0.07733747333551536,0.09302871309176486,-0.12345758014225154,0.6264295253997753,False,42,0.3684210526315789
CG_corr-0.05_vol0.18_base0.08_guard0.30_either,-0.05,0.18,0.08,0.3,either,0.8780798470035062,0.07865236467500578,0.0895731349983844,-0.0969366535570614,0.8113789963742389,False,47,0.41228070175438597
CG_corr-0.05_vol0.18_base0.08_guard0.30_corr_only,-0.05,0.18,0.08,0.3,corr_only,0.848338859672199,0.07750644895334059,0.09136260595593763,-0.11926701970151028,0.6498565080884563,False,42,0.3684210526315789
CG_corr-0.05_vol0.18_base0.08_guard0.35_either,-0.05,0.18,0.08,0.35,either,0.8729852725816633,0.07677312312223945,0.08794320538214775,-0.09577266049478331,0.8016183608726339,False,47,0.41228070175438597
CG_corr-0.05_vol0.18_base0.08_guard0.35_corr_only,-0.05,0.18,0.08,0.35,corr_only,0.840926616295119,0.07561643620433495,0.08992037442872154,-0.11912449927149303,0.6347681347394362,False,42,0.3684210526315789
CG_corr-0.05_vol0.18_base0.08_guard0.40_either,-0.05,0.18,0.08,0.4,either,0.9029030218097313,0.07756958142674135,0.08591131002227123,-0.09577266049478335,0.8099344951471459,False,47,0.41228070175438597
CG_corr-0.05_vol0.18_base0.08_guard0.40_corr_only,-0.05,0.18,0.08,0.4,corr_only,0.8670052157436785,0.07650402669701917,0.08823940768499001,-0.11660117793392209,0.6561170997807073,False,42,0.3684210526315789
CG_corr-0.05_vol0.18_base0.10_guard0.25_either,-0.05,0.18,0.1,0.25,either,0.866801084328365,0.07875949732243934,0.090862250574439,-0.10412934720282381,0.7563621537838999,False,47,0.41228070175438597
CG_corr-0.05_vol0.18_base0.10_guard0.25_corr_only,-0.05,0.18,0.1,0.25,corr_only,0.8385192948841748,0.07718967113066696,0.09205473457987538,-0.12208677963267754,0.6322524958304864,False,42,0.3684210526315789
CG_corr-0.05_vol0.18_base0.10_guard0.30_either,-0.05,0.18,0.1,0.3,either,0.8844244688091467,0.07849151630742623,0.08874869372747331,-0.09695310776096583,0.8095822621895119,False,47,0.41228070175438597
CG_corr-0.05_vol0.18_base0.10_guard0.30_corr_only,-0.05,0.18,0.1,0.3,corr_only,0.8557251322918625,0.07733205710637862,0.09037020672661855,-0.11789643609911354,0.6559321016401791,False,42,0.3684210526315789
CG_corr-0.05_vol0.18_base0.10_guard0.35_either,-0.05,0.18,0.1,0.35,either,0.8792187311321543,0.0765703057020595,0.08708902914688962,-0.0938569892788759,0.8158188994806479,False,47,0.41228070175438597
CG_corr-0.05_vol0.18_base0.10_guard0.35_corr_only,-0.05,0.18,0.1,0.35,corr_only,0.8483811480823796,0.07543364394486375,0.08891480452549964,-0.11775877551511531,0.6405776861630259,False,42,0.3684210526315789
CG_corr-0.05_vol0.18_base0.10_guard0.40_either,-0.05,0.18,0.1,0.4,either,0.9049856415863314,0.07698155479339282,0.08506384107758148,-0.09385651378183202,0.8202047113355949,False,47,0.41228070175438597
CG_corr-0.05_vol0.18_base0.10_guard0.40_corr_only,-0.05,0.18,0.1,0.4,corr_only,0.8740849465086953,0.07622313797186758,0.08720335280492023,-0.11439308290293267,0.6663264599359221,False,42,0.3684210526315789
CG_corr-0.05_vol0.20_base0.05_guard0.25_either,-0.05,0.2,0.05,0.25,either,0.8640890266535725,0.08009522713251462,0.09269325805780208,-0.11993512085213869,0.6678212900728182,False,46,0.40350877192982454
CG_corr-0.05_vol0.20_base0.05_guard0.25_corr_only,-0.05,0.2,0.05,0.25,corr_only,0.8669535054703601,0.08130857886607304,0.09378655066624315,-0.12549935443873023,0.6478804550804963,False,42,0.3684210526315789
CG_corr-0.05_vol0.20_base0.05_guard0.30_either,-0.05,0.2,0.05,0.3,either,0.8784016432897856,0.0796657025781508,0.09069393618138871,-0.11440578689938825,0.6963432946640288,False,46,0.40350877192982454
CG_corr-0.05_vol0.20_base0.05_guard0.30_corr_only,-0.05,0.2,0.05,0.3,corr_only,0.8827603588327223,0.08132785197291192,0.09212902591191575,-0.12130513797866199,0.6704402907255073,False,42,0.3684210526315789
CG_corr-0.05_vol0.20_base0.05_guard0.35_either,-0.05,0.2,0.05,0.35,either,0.8702870323517501,0.07746917737493034,0.08901566321813131,-0.11287509831185227,0.6863265550466928,False,46,0.40350877192982454
CG_corr-0.05_vol0.20_base0.05_guard0.35_corr_only,-0.05,0.2,0.05,0.35,corr_only,0.8768274846992115,0.0795381280871559,0.09071126244912453,-0.12115575007466708,0.6564948674589306,False,42,0.3684210526315789
CG_corr-0.05_vol0.20_base0.05_guard0.40_either,-0.05,0.2,0.05,0.4,either,0.8979715407778648,0.07819960855764288,0.0870847293110233,-0.10588999165448157,0.7384985807989083,False,46,0.40350877192982454
CG_corr-0.05_vol0.20_base0.05_guard0.40_corr_only,-0.05,0.2,0.05,0.4,corr_only,0.8996244531244869,0.08011381419250937,0.08905250842645059,-0.11862841338526008,0.6753341118398853,False,42,0.3684210526315789
CG_corr-0.05_vol0.20_base0.08_guard0.25_either,-0.05,0.2,0.08,0.25,either,0.8284341931509361,0.07636648941695556,0.09218172070674298,-0.11848457136757905,0.6445268656966399,False,46,0.40350877192982454
CG_corr-0.05_vol0.20_base0.08_guard0.25_corr_only,-0.05,0.2,0.08,0.25,corr_only,0.8313290678247753,0.07733747333551536,0.09302871309176486,-0.12345758014225154,0.6264295253997753,False,42,0.3684210526315789
CG_corr-0.05_vol0.20_base0.08_guard0.30_either,-0.05,0.2,0.08,0.3,either,0.8444537337088651,0.07608649424396868,0.09010143623830592,-0.11295267565546571,0.6736139166463996,False,46,0.40350877192982454
CG_corr-0.05_vol0.20_base0.08_guard0.30_corr_only,-0.05,0.2,0.08,0.3,corr_only,0.848338859672199,0.07750644895334059,0.09136260595593763,-0.11926701970151028,0.6498565080884563,False,42,0.3684210526315789
CG_corr-0.05_vol0.20_base0.08_guard0.35_either,-0.05,0.2,0.08,0.35,either,0.8354794198735659,0.07385233626222493,0.0883951591212158,-0.11142518621821824,0.6627975125622892,False,46,0.40350877192982454
CG_corr-0.05_vol0.20_base0.08_guard0.35_corr_only,-0.05,0.2,0.08,0.35,corr_only,0.840926616295119,0.07561643620433495,0.08992037442872154,-0.11912449927149303,0.6347681347394362,False,42,0.3684210526315789
CG_corr-0.05_vol0.20_base0.08_guard0.40_either,-0.05,0.2,0.08,0.4,either,0.8689984603856321,0.07542127038080544,0.08679102877505218,-0.10443463518670076,0.7221863728060398,False,46,0.40350877192982454
CG_corr-0.05_vol0.20_base0.08_guard0.40_corr_only,-0.05,0.2,0.08,0.4,corr_only,0.8670052157436785,0.07650402669701917,0.08823940768499001,-0.11660117793392209,0.6561170997807073,False,42,0.3684210526315789
CG_corr-0.05_vol0.20_base0.10_guard0.25_either,-0.05,0.2,0.1,0.25,either,0.8364838706665071,0.07638795259308777,0.09132029351889612,-0.11750646380853283,0.6500744734992254,False,46,0.40350877192982454
CG_corr-0.05_vol0.20_base0.10_guard0.25_corr_only,-0.05,0.2,0.1,0.25,corr_only,0.8385192948841748,0.07718967113066696,0.09205473457987538,-0.12208677963267754,0.6322524958304864,False,42,0.3684210526315789
CG_corr-0.05_vol0.20_base0.10_guard0.30_either,-0.05,0.2,0.1,0.3,either,0.8523707927020094,0.0760512760947488,0.08922323095288939,-0.11197304394210714,0.6791927183302189,False,46,0.40350877192982454
CG_corr-0.05_vol0.20_base0.10_guard0.30_corr_only,-0.05,0.2,0.1,0.3,corr_only,0.8557251322918625,0.07733205710637862,0.09037020672661855,-0.11789643609911354,0.6559321016401791,False,42,0.3684210526315789
CG_corr-0.05_vol0.20_base0.10_guard0.35_either,-0.05,0.2,0.1,0.35,either,0.8425932092724633,0.07372754889079892,0.0875007632146228,-0.1104479498617488,0.6675320726467628,False,46,0.40350877192982454
CG_corr-0.05_vol0.20_base0.10_guard0.35_corr_only,-0.05,0.2,0.1,0.35,corr_only,0.8483811480823796,0.07543364394486375,0.08891480452549964,-0.11775877551511531,0.6405776861630259,False,42,0.3684210526315789
CG_corr-0.05_vol0.20_base0.10_guard0.40_either,-0.05,0.2,0.1,0.4,either,0.8726828383613167,0.07494948823096442,0.08588399466145237,-0.10345395467758607,0.7244719495213525,False,46,0.40350877192982454
CG_corr-0.05_vol0.20_base0.10_guard0.40_corr_only,-0.05,0.2,0.1,0.4,corr_only,0.8740849465086953,0.07622313797186758,0.08720335280492023,-0.11439308290293267,0.6663264599359221,False,42,0.3684210526315789
BASELINE_NO_GUARD,99.0,99.0,0.0,0.0,either,0.8267359055778415,0.08549292256521077,0.1034101966400698,-0.13992571709589838,0.6109879180152281,False,0,0.0
